"id","account_holder","account_name","investment_principal","stock_firm_id_id","account_number"
1,"류영길","계좌1",1971386,1,"5736692368320"
2,"권상호","계좌2",1744732,2,"1573538006848"
3,"배성진","계좌3",1454737,3,"8699709932280"
4,"윤재호","계좌4",1482996,1,"1623177400337"
5,"윤현숙","계좌5",1247757,2,"5961683984108"
6,"최도현","계좌6",1075758,3,"7564548104802"
7,"윤채원","계좌7",1621094,1,"5608672867775"
8,"최승현","계좌8",666939,2,"2426363594884"
9,"홍경희","계좌9",1169109,3,"6082439608037"
10,"홍지현","계좌10",1268713,1,"9686762440998"
11,"백준혁","계좌11",1009641,2,"4979006978124"
12,"강하은","계좌12",1729955,3,"1114693681671"
13,"오영길","계좌13",1495327,1,"1924410018488"
14,"이정희","계좌14",1402459,2,"5233750681488"
15,"김윤서","계좌15",981064,3,"280684198921"
16,"김성현","계좌16",1732374,1,"9455738354528"
17,"백순옥","계좌17",1196498,2,"2307144575905"
18,"김지은","계좌18",1643425,3,"350907569392"
19,"이경숙","계좌19",1857010,1,"4204740920543"
20,"유상훈","계좌20",1529352,2,"3337851537476"
21,"이영식","계좌21",1047387,3,"659786260698"
22,"류유진","계좌22",1151567,1,"7279577843423"
23,"지예지","계좌23",918194,2,"6668417147851"
24,"류영식","계좌24",1314932,3,"2025324411149"
25,"이현숙","계좌25",1729613,1,"6291133073694"
26,"박현지","계좌26",1205693,2,"5075975220192"
27,"김민준","계좌27",1607745,3,"9488595748506"
28,"서정숙","계좌28",945655,1,"6920001737368"
29,"지영일","계좌29",1116878,2,"400260069104"
30,"이서윤","계좌30",1202507,3,"7024425423292"
31,"박영식","계좌31",885598,1,"8140724367811"
32,"김현준","계좌32",1554926,2,"2294621770116"
33,"박영철","계좌33",905015,3,"4749384016769"
34,"박정남","계좌34",1267610,1,"5919102519875"
35,"이윤서","계좌35",1730956,2,"6929404483674"
36,"성지우","계좌36",1708420,3,"8451302951767"
37,"허정희","계좌37",1094080,1,"6326344485902"
38,"이승현","계좌38",1204437,2,"8207783478565"
39,"안순자","계좌39",1014073,3,"7295570525784"
40,"이정희","계좌40",1694255,1,"1499162546195"
41,"장보람","계좌41",1239502,2,"9179726704637"
42,"양서준","계좌42",1670039,3,"6519279422054"
43,"김건우","계좌43",1617206,1,"7458849838316"
44,"김선영","계좌44",1792300,2,"3019975618285"
45,"이병철","계좌45",1102713,3,"8055006750642"
46,"최상훈","계좌46",1448744,1,"2740879249145"
47,"김채원","계좌47",1358534,2,"323875589594"
48,"이민지","계좌48",1048780,3,"8729221637636"
49,"김성훈","계좌49",1107095,1,"3917110894030"
50,"양진우","계좌50",1454617,2,"7441196412742"
